,Year,optimal_h,rra,ara
Argentina,2013,4.200000000000001,2.3204652135895225,5.078816647917054e-05
Argentina,2014,4.200000000000001,2.5090064327494135,5.627186961930898e-05
Argentina,2015,4.200000000000001,2.5862833560509317,5.85575169837834e-05
Argentina,2016,4.200000000000001,4.416571336511106,0.00011820059299998969
Argentina,2017,4.200000000000001,3.737617868943794,9.494586777080979e-05
Argentina,2018,4.200000000000001,7.7162584891527475,0.00024584798211472564
Argentina,2019,4.200000000000001,10.368106206831532,0.00036228535355150524
Argentina,2020,4.200000000000001,16.207229984972386,0.0006511605160025991
Argentina,2021,4.200000000000001,7.440974486761542,0.00023440096651647415
Argentina,2022,4.200000000000001,4.037110482336776,0.00010505409200529761
Argentina,2023,4.200000000000001,4.2352742698808,0.00011187351571105394
Argentina,2024,4.200000000000001,4.977647241103924,0.0001382895670421021
Australia,2013,3.16,2.279843685729737,3.192581492791744e-05
Australia,2014,3.16,2.8516097202870654,4.429146745967748e-05
Australia,2015,3.16,3.5202445676569236,6.0277599043156895e-05
Australia,2016,3.16,4.989913533691751,0.0001004209582948532
Australia,2017,3.16,4.208125313270103,7.826340332769383e-05
Australia,2018,3.16,3.98476429226861,7.226149611970797e-05
Australia,2019,3.16,4.564941308437291,8.815955709616069e-05
Australia,2020,3.16,5.172066814713569,0.00010582890767114937
Australia,2021,3.16,4.1110207072939655,7.563551151198178e-05
Australia,2022,3.16,4.331992943354186,8.165649070252787e-05
Australia,2023,3.16,4.735092861935604,9.300808712079985e-05
Australia,2024,3.16,4.6908254980708115,9.173877987440154e-05
Belgium,2013,-1.46,-13.014754412906676,-4.755226499075603e-05
Belgium,2014,-1.46,-9.608131125324539,-3.971459983177802e-05
Belgium,2015,-1.46,-8.331882857910264,-3.6493482179248844e-05
Belgium,2016,-1.46,-8.688887036466507,-3.741359082373387e-05
Belgium,2017,-1.46,-9.80720858140551,-4.0200935260677824e-05
Belgium,2018,-1.46,-12.325665052211217,-4.60415039013907e-05
Belgium,2019,-1.46,-4.682039101438255,-2.592140002505707e-05
Belgium,2020,-1.46,-2.9126323672695946,-1.9557333615671786e-05
Belgium,2021,-1.46,-1.8258417926928712,-1.4822972347850621e-05
Belgium,2022,-1.46,-1.2476600873188828,-1.1824716531476634e-05
Belgium,2023,-1.46,-0.7652628965047603,-8.847082617727243e-06
Belgium,2024,-1.46,-0.7632384925432135,-8.833185072688408e-06
Switzerland,2013,0.1299999999999999,2.2149009273176423,2.6908295849414175e-05
Switzerland,2014,0.1299999999999999,2.2127086060881913,2.6912277905138093e-05
Switzerland,2015,0.1299999999999999,2.1720612788882865,2.698694064424393e-05
Switzerland,2016,0.1299999999999999,2.078415691046205,2.7165243559910787e-05
Switzerland,2017,0.1299999999999999,1.9980592055150532,2.7325767619225366e-05
Switzerland,2018,0.1299999999999999,1.950408544100726,2.7424502662157873e-05
Switzerland,2019,0.1299999999999999,1.8673191557227726,2.7603487159010733e-05
Switzerland,2020,0.1299999999999999,1.8916553469587765,2.7550130667185126e-05
Switzerland,2021,0.1299999999999999,1.9405206429008828,2.7445338429892264e-05
Switzerland,2022,0.1299999999999999,1.7199817834188056,2.794458354071318e-05
Switzerland,2023,0.1299999999999999,1.713578369759168,2.7960162561944378e-05
Switzerland,2024,0.1299999999999999,1.533585304247118,2.842767869812668e-05
Chile,2013,2.9800000000000004,2.934498474271124,0.00015751011650367997
Chile,2014,2.9800000000000004,3.5297873504718957,0.0002079866973734105
Chile,2015,2.9800000000000004,3.976134223375758,0.00024880864966402087
Chile,2016,2.9800000000000004,3.9376202098904125,0.00024519031293147685
Chile,2017,2.9800000000000004,3.5090141085714883,0.00020614721413042937
Chile,2018,2.9800000000000004,3.3470463077797166,0.00019199447296169896
Chile,2019,2.9800000000000004,4.03823233510593,0.0002546800131284007
Chile,2020,2.9800000000000004,5.432181964018552,0.00039794201413560445
Chile,2021,2.9800000000000004,3.9243023064399867,0.00024394325932346653
Chile,2022,2.9800000000000004,4.9354778959341035,0.0003444623958331626
Chile,2023,2.9800000000000004,4.327287347613001,0.0002826071540032636
Chile,2024,2.9800000000000004,4.883648364085951,0.0003390325720683742
Colombia,2013,2.7300000000000004,3.8634513883527197,0.0003886696040379974
Colombia,2014,2.7300000000000004,4.07722642453419,0.0004231455984418706
Colombia,2015,2.7300000000000004,6.379638048140561,0.0008576478816306201
Colombia,2016,2.7300000000000004,7.042979657857379,0.001002540697959921
Colombia,2017,2.7300000000000004,6.399643264577189,0.0008618957008624057
Colombia,2018,2.7300000000000004,6.198199649740296,0.0008194745865501521
Colombia,2019,2.7300000000000004,7.033264070462742,0.0010003591841485744
Colombia,2020,2.7300000000000004,9.858570393509833,0.0017044561179712246
Colombia,2021,2.7300000000000004,8.275722399347712,0.0012931309938925585
Colombia,2022,2.7300000000000004,8.76473962262427,0.0014157540896614824
Colombia,2023,2.7300000000000004,8.407329126194647,0.0013257310492291372
Colombia,2024,2.7300000000000004,7.038555986901094,0.001001547202045962
Costa Rica,2013,-0.8899999999999997,-4.227232766441727,-2.1697194984086082e-06
Costa Rica,2014,-0.8899999999999997,-1.2497218556442709,-1.2223158366183008e-06
Costa Rica,2015,-0.8899999999999997,-0.29816434569684225,-6.224658757981321e-07
Costa Rica,2016,-0.8899999999999997,-0.15293320787331532,-4.545444972507367e-07
Costa Rica,2017,-0.8899999999999997,-0.11340661386139797,-3.9484240736718513e-07
Costa Rica,2018,-0.8899999999999997,-0.10097937019723031,-3.738417161068994e-07
Costa Rica,2019,-0.8899999999999997,-0.11103095321172428,-3.909256735207235e-07
Costa Rica,2020,-0.8899999999999997,-0.093633240652352,-3.607788195097511e-07
Costa Rica,2021,-0.8899999999999997,-0.07849544418363061,-3.3202968481251043e-07
Costa Rica,2022,-0.8899999999999997,-0.09286924181996106,-3.5938959562542584e-07
Costa Rica,2023,-0.8899999999999997,-0.11798867813651759,-4.022760539953197e-07
Costa Rica,2024,-0.8899999999999997,-0.14850795550671503,-4.4830280609161585e-07
Czechia,2013,1.4500000000000002,3.1185526050169274,1.7022443802749515e-05
Czechia,2014,1.4500000000000002,3.0596897621950467,1.600869114938277e-05
Czechia,2015,1.4500000000000002,3.0686963973802897,1.61610319826508e-05
Czechia,2016,1.4500000000000002,3.0399877734588365,1.5678903954914473e-05
Czechia,2017,1.4500000000000002,2.9978531774256383,1.4989400758236936e-05
Czechia,2018,1.4500000000000002,2.829603547613527,1.244387313887398e-05
Czechia,2019,1.4500000000000002,2.9351388736687274,1.4002280653120919e-05
Czechia,2020,1.4500000000000002,2.926884310996788,1.3875788952726487e-05
Czechia,2021,1.4500000000000002,2.592327276621107,9.384170681191096e-06
Czechia,2022,1.4500000000000002,2.8793452276796296,1.3162604397643115e-05
Czechia,2023,1.4500000000000002,3.6071988845277714,2.7209538477943963e-05
Czechia,2024,1.4500000000000002,3.6661050099330508,2.8667439497801198e-05
Germany,2013,2.3,2.5149388055413917,6.577320899409642e-05
Germany,2014,2.3,2.4832698332584604,6.431496727679507e-05
Germany,2015,2.3,3.2245182797526404,0.00010209753053369714
Germany,2016,2.3,3.0772797002307324,9.399475479580021e-05
Germany,2017,2.3,2.743340739502356,7.670816900569992e-05
Germany,2018,2.3,2.5421319193566925,6.703668180250811e-05
Germany,2019,2.3,2.7875745568192407,7.89099922498428e-05
Germany,2020,2.3,2.9465057633912943,8.704353061877705e-05
Germany,2021,2.3,2.8243421294396507,8.076075326986435e-05
Germany,2022,2.3,3.46834847612014,0.00011615163778256658
Germany,2023,2.3,3.2907796331897887,0.0001058387122676372
Germany,2024,2.3,3.2613437955286093,0.00010416951029961372
Denmark,2013,2.66,3.1180676753803955,3.956091061299268e-05
Denmark,2014,2.66,3.087079940744783,3.893279379059973e-05
Denmark,2015,2.66,4.092564179056351,6.116835774218095e-05
Denmark,2016,2.66,4.533613855316995,7.206964318343211e-05
Denmark,2017,2.66,4.466878059687649,7.037722927278333e-05
Denmark,2018,2.66,4.209066430878342,6.398241747922926e-05
Denmark,2019,2.66,4.301639646753468,6.625224599827225e-05
Denmark,2020,2.66,4.043793762622235,6.0004507266117996e-05
Denmark,2021,2.66,3.486216226793346,4.7307840585617564e-05
Denmark,2022,2.66,4.223139823567041,6.432556762395071e-05
Denmark,2023,2.66,4.427050136362443,6.937441623622377e-05
Denmark,2024,2.66,3.8160391031365712,5.468161307730274e-05
Spain,2013,3.9800000000000004,3.5469930817693145,4.816821259835853e-05
Spain,2014,3.9800000000000004,3.4745564542168763,4.685894705089412e-05
Spain,2015,3.9800000000000004,5.469199632894788,8.588800215213995e-05
Spain,2016,3.9800000000000004,5.051790508926201,7.724744253058245e-05
Spain,2017,3.9800000000000004,4.444654862556413,6.510534663875468e-05
Spain,2018,3.9800000000000004,3.0455401024159547,3.929624772562641e-05
Spain,2019,3.9800000000000004,3.5574423668058914,4.835782557119542e-05
Spain,2020,3.9800000000000004,4.91839803419005,7.453539605422722e-05
Spain,2021,3.9800000000000004,4.3684773349748385,6.361935348548408e-05
Spain,2022,3.9800000000000004,6.008811240523155,9.738908855097093e-05
Spain,2023,3.9800000000000004,5.17231411332114,7.971861824464868e-05
Spain,2024,3.9800000000000004,4.7996435268432975,7.214162128266743e-05
Estonia,2013,1.12,2.16756757478905,9.154708123230358e-05
Estonia,2014,1.12,2.156123207786268,8.713376941554352e-05
Estonia,2015,1.12,2.193727370485932,0.0001023932305519662
Estonia,2016,1.12,2.1769434127542717,9.531028858799e-05
Estonia,2017,1.12,2.1530666083688788,8.5987664837581e-05
Estonia,2018,1.12,2.1265020568712263,7.657976148106463e-05
Estonia,2019,1.12,2.125154620101882,7.612806466844958e-05
Estonia,2020,1.12,2.127182286126149,7.680870017291429e-05
Estonia,2021,1.12,2.1003048893922025,6.821318810459865e-05
Estonia,2022,1.12,2.1122398793630377,7.191785016365886e-05
Estonia,2023,1.12,2.1067354973429127,7.018752532655866e-05
Estonia,2024,1.12,2.10142292020219,6.855284465921448e-05
France,2013,2.6799999999999997,1.3637200077523954,2.4274927082229194e-05
France,2014,2.6799999999999997,1.3645713698854143,2.4299106912171457e-05
France,2015,2.6799999999999997,1.6898451838580213,3.417505537713927e-05
France,2016,2.6799999999999997,2.5475973448810545,6.578311688379705e-05
France,2017,2.6799999999999997,2.519547340098312,6.463148280826721e-05
France,2018,2.6799999999999997,0.9616873112252814,1.39051011193747e-05
France,2019,2.6799999999999997,1.02113121429717,1.5301231322905934e-05
France,2020,2.6799999999999997,1.092804744340233,1.704997403092323e-05
France,2021,2.6799999999999997,1.000292396894483,1.480613438610329e-05
France,2022,2.6799999999999997,1.894646359493644,4.1016881299071936e-05
France,2023,2.6799999999999997,1.770919487625711,3.682776397715796e-05
France,2024,2.6799999999999997,1.864572387403349,3.998319250315689e-05
United Kingdom,2013,-0.4500000000000002,-0.3877483825622208,-7.813768989222493e-06
United Kingdom,2014,-0.4500000000000002,-0.4270328843179559,-8.051328198255653e-06
United Kingdom,2015,-0.4500000000000002,-0.3784591315808885,-7.755187885856065e-06
United Kingdom,2016,-0.4500000000000002,-0.6598384552721542,-9.215424562717159e-06
United Kingdom,2017,-0.4500000000000002,-1.7718588469655654,-1.252133517642529e-05
United Kingdom,2018,-0.4500000000000002,-1.8552699428296224,-1.2701374052823874e-05
United Kingdom,2019,-0.4500000000000002,-2.3630679315650593,-1.3691730973576788e-05
United Kingdom,2020,-0.4500000000000002,-1.8138698258282873,-1.261272767356252e-05
United Kingdom,2021,-0.4500000000000002,-2.017952372987182,-1.303705424753612e-05
United Kingdom,2022,-0.4500000000000002,-1.4992601586871177,-1.1888702665304599e-05
United Kingdom,2023,-0.4500000000000002,-1.344618600720778,-1.1493757192099245e-05
United Kingdom,2024,-0.4500000000000002,-1.4044381444870733,-1.1650072345607232e-05
Guatemala,2013,0.8799999999999999,13.808779874041186,0.00015959828031281254
Guatemala,2014,0.8799999999999999,13.783053866673558,0.00016179575775530819
Guatemala,2015,0.8799999999999999,14.146532257670263,0.00013368022405927475
Guatemala,2016,0.8799999999999999,14.31935711367564,0.00012229104072689499
Guatemala,2017,0.8799999999999999,14.095640430703675,0.00013726036919500952
Guatemala,2018,0.8799999999999999,14.046042860140268,0.00014085465391697435
Guatemala,2019,0.8799999999999999,14.093823114244701,0.00013739021432608605
Guatemala,2020,0.8799999999999999,14.096871566610888,0.00013717248521057595
Guatemala,2021,0.8799999999999999,14.18975460716874,0.000130722787226245
Guatemala,2022,0.8799999999999999,14.149677396072452,0.00013346247507486174
Guatemala,2023,0.8799999999999999,14.658102534123884,0.0001030220648985737
Guatemala,2024,0.8799999999999999,14.904931455398641,9.114802146841402e-05
Hungary,2013,1.7800000000000002,4.099673978103562,2.9617572666579733e-05
Hungary,2014,1.7800000000000002,4.184295052884026,3.103116332893198e-05
Hungary,2015,1.7800000000000002,5.211538168000963,5.1212631444187455e-05
Hungary,2016,1.7800000000000002,5.299479946637925,5.32061105092151e-05
Hungary,2017,1.7800000000000002,4.679711359145808,4.0058840027355884e-05
Hungary,2018,1.7800000000000002,4.246478605525707,3.2093592718473484e-05
Hungary,2019,1.7800000000000002,4.183673590542626,3.102064674666175e-05
Hungary,2020,1.7800000000000002,4.024199757191803,2.8387933959232436e-05
Hungary,2021,1.7800000000000002,3.5806425567602997,2.174660309109874e-05
Hungary,2022,1.7800000000000002,3.943356937837922,2.710323071222463e-05
Hungary,2023,1.7800000000000002,3.625071051667081,2.2367274994003508e-05
Hungary,2024,1.7800000000000002,3.5807530633025735,2.174813471607752e-05
Ireland,2013,3.7300000000000004,2.1580065314477808,4.091532138143786e-05
Ireland,2014,3.7300000000000004,1.7951062911472428,3.181508270186163e-05
Ireland,2015,3.7300000000000004,1.616226593732423,2.756425532153199e-05
Ireland,2016,3.7300000000000004,1.521065827773755,2.5371050970941926e-05
Ireland,2017,3.7300000000000004,1.2861386178995775,2.0173882991580933e-05
Ireland,2018,3.7300000000000004,1.1503253654106111,1.7320838219706634e-05
Ireland,2019,3.7300000000000004,1.6010226158889278,2.721058628604187e-05
Ireland,2020,3.7300000000000004,1.216892415944067,1.870465302807848e-05
Ireland,2021,3.7300000000000004,0.7913306638728297,1.038953371472508e-05
Ireland,2022,3.7300000000000004,1.1362324282874365,1.7031558629317992e-05
Ireland,2023,3.7300000000000004,8.663554476106809,0.0002733028150092846
Ireland,2024,3.7300000000000004,15.992440817452891,0.0006315078195869206
Iceland,2013,2.3500000000000005,2.4467642479760996,3.9439990612359645e-05
Iceland,2014,2.3500000000000005,2.2357804371338954,3.371042425047095e-05
Iceland,2015,2.3500000000000005,2.29179202641781,3.5194136106782246e-05
Iceland,2016,2.3500000000000005,1.8025399878740604,2.317010180028653e-05
Iceland,2017,2.3500000000000005,1.5326466976758952,1.747049441748825e-05
Iceland,2018,2.3500000000000005,1.4972495114829312,1.6774144446298468e-05
Iceland,2019,2.3500000000000005,1.6875499194548196,2.0658250038329286e-05
Iceland,2020,2.3500000000000005,2.0293016512112145,2.847799576176785e-05
Iceland,2021,2.3500000000000005,1.8052194030160855,2.3230088661247055e-05
Iceland,2022,2.3500000000000005,1.7974792255676915,2.3056981349976085e-05
Iceland,2023,2.3500000000000005,1.7496685611962282,2.1999950140833413e-05
Iceland,2024,2.3500000000000005,1.7040288049686478,2.1010673956923056e-05
Israel,2013,3.59,1.8178506140092832,4.567507103886581e-06
Israel,2014,3.59,1.7042642619130948,4.176754606160561e-06
Israel,2015,3.59,1.5135538380487872,3.5432406081732934e-06
Israel,2016,3.59,1.5599528153189706,3.694684807533097e-06
Israel,2017,3.59,1.4543762703902512,3.352678195464281e-06
Israel,2018,3.59,1.5557242623975671,3.6808100649208418e-06
Israel,2019,3.59,1.4045327294524927,3.194475016582043e-06
Israel,2020,3.59,2.618820283097224,7.576035289812158e-06
Israel,2021,3.59,2.6585017427938378,7.735617048556754e-06
Israel,2022,3.59,2.4381083136244066,6.861196047068928e-06
Israel,2023,3.59,2.232675221267623,6.0731324864214275e-06
Israel,2024,3.59,1.4897102711457548,3.466107364083415e-06
Italy,2013,1.9800000000000004,7.436734855367878,4.145146152902637e-05
Italy,2014,1.9800000000000004,7.75186780066988,4.5077083138402645e-05
Italy,2015,1.9800000000000004,9.507974233690243,6.80971462091369e-05
Italy,2016,1.9800000000000004,9.536102238738323,6.85047835787655e-05
Italy,2017,1.9800000000000004,9.599241001697157,6.942427960232372e-05
Italy,2018,1.9800000000000004,9.223078539409144,6.403760767145027e-05
Italy,2019,1.9800000000000004,10.331197463391891,8.053603000573824e-05
Italy,2020,1.9800000000000004,10.659100222026531,8.57841239102608e-05
Italy,2021,1.9800000000000004,10.015367401673654,7.563929710470217e-05
Italy,2022,1.9800000000000004,11.381592916484346,9.793844423916574e-05
Italy,2023,1.9800000000000004,10.379832666622887,8.13038709962577e-05
Italy,2024,1.9800000000000004,10.014172949229833,7.562107233075869e-05
Japan,2013,1.9100000000000001,1.5689039776700782,3.121357078385983e-05
Japan,2014,1.9100000000000001,1.6537342507686932,3.486133169084574e-05
Japan,2015,1.9100000000000001,1.7488001246844784,3.920068462356887e-05
Japan,2016,1.9100000000000001,1.8561101863662417,4.442001955357023e-05
Japan,2017,1.9100000000000001,1.9176770324091412,4.756897228272522e-05
Japan,2018,1.9100000000000001,1.9111301406925385,4.7228752072442126e-05
Japan,2019,1.9100000000000001,1.9074164261898168,4.703633093150304e-05
Japan,2020,1.9100000000000001,1.950810670290807,4.931043910204402e-05
Japan,2021,1.9100000000000001,2.016043662760466,5.2834946987590107e-05
Japan,2022,1.9100000000000001,2.48823118097407,8.217534098309792e-05
Japan,2023,1.9100000000000001,2.6031824039378786,9.034603388985555e-05
Japan,2024,1.9100000000000001,2.747175667820207,0.00010115450830256532
Lithuania,2013,0.6200000000000001,2.39290810542869,0.00012163972129215008
Lithuania,2014,0.6200000000000001,2.431613426929547,0.00011849655892388085
Lithuania,2015,0.6200000000000001,2.283087127340762,0.00013133043875714602
Lithuania,2016,0.6200000000000001,2.3166349365439762,0.00012824166650226746
Lithuania,2017,0.6200000000000001,2.404566929951692,0.00012067891567890634
Lithuania,2018,0.6200000000000001,2.519219955741795,0.00011184738462265328
Lithuania,2019,0.6200000000000001,2.523149282106642,0.00011156333421926879
Lithuania,2020,0.6200000000000001,2.5539264654111684,0.00010937813160996844
Lithuania,2021,0.6200000000000001,2.6572458634812586,0.0001025248738216937
Lithuania,2022,0.6200000000000001,2.6216083160448647,0.00010480855036110655
Lithuania,2023,0.6200000000000001,2.699516724451812,9.991850789935708e-05
Lithuania,2024,0.6200000000000001,2.737085180784576,9.769058911749831e-05
Luxembourg,2013,1.2400000000000002,1.4581367660446447,1.3114734664786847e-05
Luxembourg,2014,1.2400000000000002,1.4570626780829725,1.3064898447461352e-05
Luxembourg,2015,1.2400000000000002,1.5568108727586105,1.839446178386687e-05
Luxembourg,2016,1.2400000000000002,1.5460971332112894,1.774973332072962e-05
Luxembourg,2017,1.2400000000000002,1.5149979723888087,1.5980759978807495e-05
Luxembourg,2018,1.2400000000000002,1.5024113986607137,1.5306562056077284e-05
Luxembourg,2019,1.2400000000000002,1.538472828947553,1.730211868075996e-05
Luxembourg,2020,1.2400000000000002,1.528471421196167,1.672879516767041e-05
Luxembourg,2021,1.2400000000000002,1.5171192759886176,1.6096708589424038e-05
Luxembourg,2022,1.2400000000000002,1.6005776014140076,2.122747280917937e-05
Luxembourg,2023,1.2400000000000002,1.581190973452362,1.9932151613904765e-05
Luxembourg,2024,1.2400000000000002,1.5812111795328168,1.993346766860054e-05
Latvia,2013,1.5600000000000005,2.0367724941972485,0.00011287951460055161
Latvia,2014,1.5600000000000005,1.9952331305966533,0.00010658255518440792
Latvia,2015,1.5600000000000005,2.1567790362186927,0.00013239656443482975
Latvia,2016,1.5600000000000005,2.122542191032788,0.00012662454290584331
Latvia,2017,1.5600000000000005,2.043478658687407,0.00011391790182494755
Latvia,2018,1.5600000000000005,1.9389830438284839,9.842118037746834e-05
Latvia,2019,1.5600000000000005,1.9535617227722513,0.0001004964796886118
Latvia,2020,1.5600000000000005,1.9350549626586304,9.78667516293444e-05
Latvia,2021,1.5600000000000005,1.8524638048398643,8.666900063857007e-05
Latvia,2022,1.5600000000000005,1.9280662483986464,9.688528772525472e-05
Latvia,2023,1.5600000000000005,1.8553639492487672,8.704751045198813e-05
Latvia,2024,1.5600000000000005,1.8552486118451448,8.703243709871217e-05
Mexico,2013,2.17,2.93875324880098,5.073303839441484e-05
Mexico,2014,2.17,3.065504512293536,5.486607975729213e-05
Mexico,2015,2.17,3.7620648351916075,8.021063151731272e-05
Mexico,2016,2.17,5.265267263562836,0.0001496261154065605
Mexico,2017,2.17,5.774096086928411,0.00017754701210044007
Mexico,2018,2.17,5.03417278373651,0.00013767497593324653
Mexico,2019,2.17,4.762060584720809,0.00012419243454580103
Mexico,2020,2.17,5.989120445754458,0.00019000465364770665
Mexico,2021,2.17,4.942419035698821,0.00013305727710386412
Mexico,2022,2.17,4.723464727536612,0.00012233203017060745
Mexico,2023,2.17,3.852239663374529,8.381298055650508e-05
Mexico,2024,2.17,3.709792492732269,7.815586123609888e-05
Malaysia,2013,2.1900000000000004,3.4693192095851564,0.00023558096187180274
Malaysia,2014,2.1900000000000004,3.3765697964465073,0.00022412078796528237
Malaysia,2015,2.1900000000000004,4.037665134697218,0.0003114530908515891
Malaysia,2016,2.1900000000000004,4.128345810452259,0.00032444725651409643
Malaysia,2017,2.1900000000000004,4.039524700779781,0.0003117171219895475
Malaysia,2018,2.1900000000000004,4.762753786967,0.0004220811611419716
Malaysia,2019,2.1900000000000004,5.238184098640057,0.0005028558327245867
Malaysia,2020,2.1900000000000004,6.025756625984903,0.0006507177672466066
Malaysia,2021,2.1900000000000004,6.175433487429124,0.000680774111291163
Malaysia,2022,2.1900000000000004,6.297929056804709,0.0007058325464441241
Malaysia,2023,2.1900000000000004,6.5689067945931905,0.0007627307352732612
Malaysia,2024,2.1900000000000004,6.5689067945931905,0.0007627307352732612
Netherlands,2013,0.25,1.141942659606001,1.786335669871984e-05
Netherlands,2014,0.25,1.1406273720504032,1.7870220297369915e-05
Netherlands,2015,0.25,1.0092193363367836,1.86144117031268e-05
Netherlands,2016,0.25,1.0230247762998699,1.85303000722071e-05
Netherlands,2017,0.25,1.05953072021432,1.831498855922887e-05
Netherlands,2018,0.25,1.1219364498909166,1.7968910692525953e-05
Netherlands,2019,0.25,1.1366585164955252,1.7890995207135702e-05
Netherlands,2020,0.25,1.1513172932521138,1.7814740209429977e-05
Netherlands,2021,0.25,1.1659141176269139,1.7740083068928468e-05
Netherlands,2022,0.25,1.0505610044429592,1.836696551988575e-05
Netherlands,2023,0.25,1.0851593604452061,1.816965421965503e-05
Netherlands,2024,0.25,1.1067014236373052,1.8050989486025632e-05
Norway,2013,3.3200000000000003,2.6272757242677156,2.0050065861957377e-05
Norway,2014,3.3200000000000003,2.981962965522871,2.403354438280528e-05
Norway,2015,3.3200000000000003,5.423013592153225,5.656040344813714e-05
Norway,2016,3.3200000000000003,5.35821159196032,5.559571322690353e-05
Norway,2017,3.3200000000000003,5.682881174316462,6.047869330085634e-05
Norway,2018,3.3200000000000003,4.900714380646908,4.89298337873148e-05
Norway,2019,3.3200000000000003,6.279976668378722,6.977409391379333e-05
Norway,2020,3.3200000000000003,8.167013850184997,0.00010162083751151394
Norway,2021,3.3200000000000003,4.900753014782857,4.893038578389711e-05
Norway,2022,3.3200000000000003,4.02608718756896,3.6931541116010956e-05
Norway,2023,3.3200000000000003,6.8262003000239115,7.86190336971582e-05
Norway,2024,3.3200000000000003,7.274293027595488,8.610752136350121e-05
New Zealand,2013,2.26,1.9679840939581628,3.820724496591053e-05
New Zealand,2014,2.26,1.9184484381317028,3.6499540986819934e-05
New Zealand,2015,2.26,2.3754834496695847,5.354779160498081e-05
New Zealand,2016,2.26,2.2433629298582694,4.832422662270528e-05
New Zealand,2017,2.26,2.2274625372680377,4.771161208438328e-05
New Zealand,2018,2.26,2.1244863958796607,4.382813498362955e-05
New Zealand,2019,2.26,2.029746698485969,4.038471127861639e-05
New Zealand,2020,2.26,2.096531090060277,4.279911118108134e-05
New Zealand,2021,2.26,1.8128550997099793,3.297515469108666e-05
New Zealand,2022,2.26,1.8128550997099793,3.297515469108666e-05
New Zealand,2023,2.26,1.8128550997099793,3.297515469108666e-05
New Zealand,2024,2.26,1.8128550997099793,3.297515469108666e-05
Peru,2013,2.67,9.67003165365192,0.0006583694365535
Peru,2014,2.67,10.12589245903077,0.0007086868378563807
Peru,2015,2.67,10.96655733794431,0.0008050671205561743
Peru,2016,2.67,12.124334815119376,0.0009451920521600016
Peru,2017,2.67,7.705293743323333,0.00045789497544365204
Peru,2018,2.67,4.743137253046322,0.0002107951572730523
Peru,2019,2.67,4.984425342497379,0.00022819906835979181
Peru,2020,2.67,6.3055290892677975,0.00033232413641452556
Peru,2021,2.67,6.105674637796342,0.00031564436125789037
Peru,2022,2.67,3.520250837576397,0.00013086646735781054
Peru,2023,2.67,2.094515141282824,5.705769946069995e-05
Peru,2024,2.67,2.0014824403648097,5.305998660031591e-05
Poland,2013,1.92,2.897197175423217,0.00018040446137634905
Poland,2014,1.92,2.810499557119897,0.00016932101333115107
Poland,2015,1.92,3.2400651482963734,0.00022783614594492897
Poland,2016,1.92,3.348877060839025,0.00024409617884465048
Poland,2017,1.92,3.071483135025736,0.0002037950031208853
Poland,2018,1.92,2.8297332101173387,0.00017174826666613988
Poland,2019,1.92,2.868759431125161,0.0001767286310573457
Poland,2020,1.92,2.877498761760332,0.00017785407238522642
Poland,2021,1.92,2.6305462571622344,0.00014748124084202528
Poland,2022,1.92,2.7606374720918527,0.00016311224361313862
Poland,2023,1.92,2.479874101218364,0.00013039971960300079
Poland,2024,1.92,2.251484084018473,0.00010658752869838108
Portugal,2013,2.51,1.921161417610634,4.1863703252698604e-05
Portugal,2014,2.51,1.9765219010532296,4.388803431376199e-05
Portugal,2015,2.51,2.5373354125448304,6.647539945013641e-05
Portugal,2016,2.51,1.852523470750885,3.940704221534565e-05
Portugal,2017,2.51,1.7371321134149402,3.54116125704888e-05
Portugal,2018,2.51,1.777234359865702,3.6780844503752624e-05
Portugal,2019,2.51,1.752946116505044,3.5949086355409596e-05
Portugal,2020,2.51,1.753298199077177,3.596108934626668e-05
Portugal,2021,2.51,1.6257816774605347,3.171916064018826e-05
Portugal,2022,2.51,1.9014082233979561,4.115064493797112e-05
Portugal,2023,2.51,1.7404475816676794,3.552402875060393e-05
Portugal,2024,2.51,1.647917057461117,3.244025781755443e-05
Singapore,2013,3.3100000000000005,6.109538755719492,0.00010821825947790107
Singapore,2014,3.3100000000000005,5.920440207342517,0.00010345110017285296
Singapore,2015,3.3100000000000005,7.978507944763116,0.00015863269478533814
Singapore,2016,3.3100000000000005,6.865300197880772,0.00012790235459173463
Singapore,2017,3.3100000000000005,5.6108299071085375,9.578775484696678e-05
Singapore,2018,3.3100000000000005,5.544160025233662,9.416105417703922e-05
Singapore,2019,3.3100000000000005,5.478619468011711,9.257014088613249e-05
Singapore,2020,3.3100000000000005,7.124311294319418,0.00013487280391590763
Singapore,2021,3.3100000000000005,4.214172489294858,6.355932401471174e-05
Singapore,2022,3.3100000000000005,4.401791851517092,6.765279221002693e-05
Singapore,2023,3.3100000000000005,5.522724612965655,9.363983600802027e-05
Singapore,2024,3.3100000000000005,5.522724612965655,9.363983600802027e-05
Slovenia,2013,3.92,2.740044829374519,4.27254170865816e-05
Slovenia,2014,3.92,2.564739132327296,3.9096521438293876e-05
Slovenia,2015,3.92,5.25793392803589,0.000102489943113818
Slovenia,2016,3.92,4.434325129480862,8.15371344131734e-05
Slovenia,2017,3.92,3.60824801877867,6.182483132237938e-05
Slovenia,2018,3.92,2.6707092050270465,4.128033731918053e-05
Slovenia,2019,3.92,3.151634437197976,5.155596514619414e-05
Slovenia,2020,3.92,3.8338202604644644,6.706829525101437e-05
Slovenia,2021,3.92,2.7162550339751,4.222816663184387e-05
Slovenia,2022,3.92,3.9100843677309274,6.886542465075777e-05
Slovenia,2023,3.92,2.6370607958028107,4.058364049091894e-05
Slovenia,2024,3.92,0.9142363223241086,9.788901644118066e-06
Sweden,2013,0.75,1.6446930299210454,2.4265007208087062e-05
Sweden,2014,0.75,1.6259214661279198,2.5115179468336838e-05
Sweden,2015,0.75,1.5687675040796754,2.796142022690467e-05
Sweden,2016,0.75,1.5633211003765677,2.8254681196975476e-05
Sweden,2017,0.75,1.5657732059954665,2.8122142813331124e-05
Sweden,2018,0.75,1.5659995800257418,2.810994893535942e-05
Sweden,2019,0.75,1.5468036208776503,2.9169530591401197e-05
Sweden,2020,0.75,1.5672582312287355,2.8042278756797715e-05
Sweden,2021,0.75,1.586941942430781,2.7011696705402408e-05
Sweden,2022,0.75,1.529293683245122,3.0182992540831835e-05
Sweden,2023,0.75,1.5229774430887513,3.056008566863378e-05
Sweden,2024,0.75,1.5252700511809159,3.0422489622090238e-05
Uruguay,2013,-1.08,-1.2936622200507004,-7.240294962945833e-06
Uruguay,2014,-1.08,-8.851305277757625,-1.965218070546351e-05
Uruguay,2015,-1.08,-9.621954151490893,-2.0522769183628504e-05
Uruguay,2016,-1.08,-9.834999569817754,-2.075746894333528e-05
Uruguay,2017,-1.08,-10.050468556488939,-2.0992365441507704e-05
Uruguay,2018,-1.08,-9.694730252271018,-2.0603220746452763e-05
Uruguay,2019,-1.08,-9.345643496214413,-2.0214619763648567e-05
Uruguay,2020,-1.08,-5.008625149177397,-1.4622135374023094e-05
Uruguay,2021,-1.08,-3.8979442194639113,-1.2837351810386444e-05
Uruguay,2022,-1.08,-9.731433403021017,-2.064368471492441e-05
Uruguay,2023,-1.08,-12.446909142667543,-2.345767931948093e-05
Uruguay,2024,-1.08,-15.031285302303822,-2.5871881274865173e-05
United States,2013,1.9800000000000004,2.4178269645872223,4.920908840663123e-05
United States,2014,1.9800000000000004,2.372818773165615,4.737590095378804e-05
United States,2015,1.9800000000000004,2.2866862804989516,4.396568063920145e-05
United States,2016,1.9800000000000004,2.276484326144924,4.357027756262968e-05
United States,2017,1.9800000000000004,2.2512281944685313,4.2599171783884436e-05
United States,2018,1.9800000000000004,1.7035860978520052,2.4256032887304323e-05
United States,2019,1.9800000000000004,1.681900545576907,2.3636255425365095e-05
United States,2020,1.9800000000000004,1.7457177741170529,2.548333098833553e-05
United States,2021,1.9800000000000004,1.659878860773641,2.3015161413982057e-05
United States,2022,1.9800000000000004,1.6338744720196494,2.2292494001376758e-05
United States,2023,1.9800000000000004,1.629586582467316,2.2174450850857175e-05
United States,2024,1.9800000000000004,1.6010388545990786,2.139661597807935e-05
